{
  "metadata": {
    "id": "b9a1ec4d-a956-4bdf-bab8-da0f50ee1c75",
    "date": "1433442886532",
    "type": "protocol",
    "author": {
      "id": "31"
    },
    "tags": [],
    "db": {},
    "name": "PhiX174_Step4_Ligation",
    "description": "A ligation will be carried out for Gen9 DNA",
    "version": "1.0.0"
  },
  "parameters": [
    {
      "type": "container",
      "value": {
        "color": "#c5535b",
        "isNew": true,
        "type": "384-pcr",
        "storage": "cold_4"
      },
      "name": "ligation_plate",
      "id": "4aa1a1ca-2a9a-4f9a-bc42-3c6ea23b6034"
    },
    {
      "type": "container",
      "value": {
        "color": "#f28500",
        "isNew": true,
        "type": "384-pcr",
        "storage": "cold_4"
      },
      "name": "digest_source_plate",
      "id": "8dc07126-f116-4017-b63a-aea19840698e"
    },
    {
      "type": "container",
      "value": {
        "color": "#00FFFF",
        "isNew": true,
        "type": "micro-1.5",
        "storage": "cold_20"
      },
      "name": "ligase_source",
      "id": "0a8b026b-000c-44b6-beb0-acb4a01bb60e"
    },
    {
      "type": "container",
      "value": {
        "color": "#addfad",
        "isNew": true,
        "type": "micro-1.5",
        "storage": "cold_20"
      },
      "name": "buffer_source",
      "id": "8aad6a1b-f97a-426f-bea0-528f779297b1"
    },
    {
      "type": "volume",
      "name": "digest_source_plate_vol",
      "value": {
        "unit": "microliter",
        "value": 10
      },
      "id": "e0fd8791-8e8d-4758-ba94-8d803f3b5120"
    },
    {
      "type": "volume",
      "name": "ligase_source_vol",
      "value": {
        "unit": "microliter",
        "value": 1
      },
      "id": "14818279-fa23-441d-a343-875d7a5387ce"
    },
    {
      "type": "volume",
      "name": "buffer_source_vol",
      "value": {
        "unit": "microliter",
        "value": 1.2
      },
      "id": "cbb94832-ea6e-4d6f-ac7e-bf52592a1fe3"
    }
  ],
  "groups": [
    {
      "name": "ligation_plate setup",
      "inputs": {},
      "metadata": {
        "description": ""
      },
      "loop": 1,
      "steps": [
        {
          "operation": "transfer",
          "requirements": {},
          "transforms": [
            {
              "wells": "to"
            },
            {
              "wells": "from"
            }
          ],
          "fields": [
            {
              "name": "volume",
              "type": "volume",
              "parameter": "e0fd8791-8e8d-4758-ba94-8d803f3b5120",
              "value": {
                "unit": "microliter",
                "value": 10
              }
            },
            {
              "name": "from",
              "type": "aliquot++",
              "value": {
                "container": "8dc07126-f116-4017-b63a-aea19840698e",
                "containerName": "digest_source_plate",
                "wells": [
                  "A1"
                ]
              },
              "transpose": 0
            },
            {
              "name": "to",
              "type": "aliquot++",
              "value": {
                "container": "4aa1a1ca-2a9a-4f9a-bc42-3c6ea23b6034",
                "containerName": "ligation_plate",
                "wells": [
                  "A1"
                ]
              },
              "transpose": 0
            },
            {
              "name": "dispense_speed",
              "type": "speed",
              "optional": true,
              "default": {
                "value": 100,
                "unit": "microliter/second"
              }
            },
            {
              "name": "aspirate_speed",
              "type": "speed",
              "optional": true,
              "default": {
                "value": 100,
                "unit": "microliter/second"
              }
            },
            {
              "name": "mix_before",
              "type": "mixwrap",
              "optional": true,
              "default": {
                "volume": {
                  "value": 10,
                  "unit": "microliter"
                },
                "repetitions": 5,
                "speed": {
                  "value": 100,
                  "unit": "microliter/second"
                }
              }
            },
            {
              "name": "mix_after",
              "type": "mixwrap",
              "optional": true,
              "default": {
                "volume": {
                  "value": 10,
                  "unit": "microliter"
                },
                "repetitions": 5,
                "speed": {
                  "value": 100,
                  "unit": "microliter/second"
                }
              }
            },
            {
              "name": "one_tip",
              "type": "boolean",
              "optional": true,
              "default": false
            }
          ],
          "op_description": "Transfer contents from one container to another, either 1-to-n or n-to-n"
        },
        {
          "operation": "transfer",
          "requirements": {},
          "transforms": [
            {
              "wells": "to"
            },
            {
              "wells": "from"
            }
          ],
          "fields": [
            {
              "name": "volume",
              "type": "volume",
              "parameter": "cbb94832-ea6e-4d6f-ac7e-bf52592a1fe3",
              "value": {
                "unit": "microliter",
                "value": 1.2
              }
            },
            {
              "name": "from",
              "type": "aliquot++",
              "value": {
                "container": "8aad6a1b-f97a-426f-bea0-528f779297b1",
                "containerName": "buffer_source",
                "wells": [
                  "A1"
                ]
              },
              "transpose": 0
            },
            {
              "name": "to",
              "type": "aliquot++",
              "value": {
                "container": "4aa1a1ca-2a9a-4f9a-bc42-3c6ea23b6034",
                "containerName": "ligation_plate",
                "wells": [
                  "A1"
                ]
              },
              "transpose": 0
            },
            {
              "name": "dispense_speed",
              "type": "speed",
              "optional": true,
              "default": {
                "value": 100,
                "unit": "microliter/second"
              }
            },
            {
              "name": "aspirate_speed",
              "type": "speed",
              "optional": true,
              "default": {
                "value": 100,
                "unit": "microliter/second"
              }
            },
            {
              "name": "mix_before",
              "type": "mixwrap",
              "optional": true,
              "default": {
                "volume": {
                  "value": 10,
                  "unit": "microliter"
                },
                "repetitions": 5,
                "speed": {
                  "value": 100,
                  "unit": "microliter/second"
                }
              }
            },
            {
              "name": "mix_after",
              "type": "mixwrap",
              "optional": true,
              "default": {
                "volume": {
                  "value": 10,
                  "unit": "microliter"
                },
                "repetitions": 5,
                "speed": {
                  "value": 100,
                  "unit": "microliter/second"
                }
              }
            },
            {
              "name": "one_tip",
              "type": "boolean",
              "optional": true,
              "default": false
            }
          ],
          "op_description": "Transfer contents from one container to another, either 1-to-n or n-to-n"
        },
        {
          "operation": "transfer",
          "requirements": {},
          "transforms": [
            {
              "wells": "to"
            },
            {
              "wells": "from"
            }
          ],
          "fields": [
            {
              "name": "volume",
              "type": "volume",
              "parameter": "14818279-fa23-441d-a343-875d7a5387ce",
              "value": {
                "unit": "microliter",
                "value": 1
              }
            },
            {
              "name": "from",
              "type": "aliquot++",
              "value": {
                "container": "0a8b026b-000c-44b6-beb0-acb4a01bb60e",
                "containerName": "ligase_source",
                "wells": [
                  "A1"
                ]
              },
              "transpose": 0
            },
            {
              "name": "to",
              "type": "aliquot++",
              "value": {
                "container": "4aa1a1ca-2a9a-4f9a-bc42-3c6ea23b6034",
                "containerName": "ligation_plate",
                "wells": [
                  "A1"
                ]
              },
              "transpose": 0
            },
            {
              "name": "dispense_speed",
              "type": "speed",
              "optional": true,
              "default": {
                "value": 100,
                "unit": "microliter/second"
              }
            },
            {
              "name": "aspirate_speed",
              "type": "speed",
              "optional": true,
              "default": {
                "value": 100,
                "unit": "microliter/second"
              }
            },
            {
              "name": "mix_before",
              "type": "mixwrap",
              "optional": true,
              "default": {
                "volume": {
                  "value": 10,
                  "unit": "microliter"
                },
                "repetitions": 5,
                "speed": {
                  "value": 100,
                  "unit": "microliter/second"
                }
              }
            },
            {
              "name": "mix_after",
              "type": "mixwrap",
              "optional": true,
              "default": {
                "volume": {
                  "value": 10,
                  "unit": "microliter"
                },
                "repetitions": 5,
                "speed": {
                  "value": 100,
                  "unit": "microliter/second"
                }
              }
            },
            {
              "name": "one_tip",
              "type": "boolean",
              "optional": true,
              "default": false
            }
          ],
          "op_description": "Transfer contents from one container to another, either 1-to-n or n-to-n"
        },
        {
          "operation": "mix",
          "requirements": {},
          "transforms": [
            {
              "wells": "wells"
            }
          ],
          "fields": [
            {
              "name": "wells",
              "type": "aliquot++",
              "value": {
                "container": "4aa1a1ca-2a9a-4f9a-bc42-3c6ea23b6034",
                "containerName": "ligation_plate",
                "wells": [
                  "A1"
                ]
              },
              "transpose": 0
            },
            {
              "name": "volume",
              "type": "volume",
              "optional": true,
              "default": {
                "value": 50,
                "unit": "microliter"
              },
              "value": {
                "unit": "microliter",
                "value": 2
              }
            },
            {
              "name": "speed",
              "type": "speed",
              "optional": true,
              "default": {
                "value": 100,
                "unit": "microliter/second"
              },
              "value": {
                "unit": "microliter/second",
                "value": 3
              }
            },
            {
              "name": "repetitions",
              "type": "integer",
              "optional": true,
              "default": 10,
              "value": 5
            }
          ],
          "op_description": "Mix specified well using a new pipette tip"
        }
      ]
    },
    {
      "name": "",
      "inputs": {},
      "metadata": {
        "description": ""
      },
      "loop": 1,
      "steps": [
        {
          "operation": "seal",
          "requirements": {},
          "transforms": [
            {
              "container": "object"
            }
          ],
          "fields": [
            {
              "name": "object",
              "type": "container",
              "value": {
                "container": "4aa1a1ca-2a9a-4f9a-bc42-3c6ea23b6034",
                "containerName": "ligation_plate"
              }
            },
            {
              "name": "type",
              "type": "option",
              "default": "ultra-clear",
              "optional": true,
              "options": [
                "ultra-clear",
                "foil"
              ]
            }
          ],
          "op_description": "Seal a container"
        },
        {
          "operation": "thermocycle",
          "requirements": {},
          "transforms": [
            {
              "container": "container"
            }
          ],
          "fields": [
            {
              "name": "dataref",
              "type": "string",
              "optional": true,
              "default": "thermocycle_${unfolded}"
            },
            {
              "name": "object",
              "type": "container",
              "value": {
                "container": "4aa1a1ca-2a9a-4f9a-bc42-3c6ea23b6034",
                "containerName": "ligation_plate"
              }
            },
            {
              "name": "volume",
              "type": "volume",
              "default": {
                "value": 10,
                "unit": "microliter"
              }
            },
            {
              "name": "groups",
              "type": "thermocycleGroups",
              "value": [
                {
                  "type": "thermocycleGroup",
                  "value": {
                    "cycles": 1,
                    "steps": [
                      {
                        "duration": {
                          "unit": "hour",
                          "value": 1
                        },
                        "temperature": {
                          "unit": "celsius",
                          "value": 16
                        }
                      },
                      {
                        "duration": {
                          "unit": "minute",
                          "value": 20
                        },
                        "temperature": {
                          "unit": "celsius",
                          "value": 65
                        }
                      },
                      {
                        "duration": {
                          "unit": "minute",
                          "value": 5
                        },
                        "temperature": {
                          "unit": "celsius",
                          "value": 16
                        }
                      }
                    ]
                  }
                }
              ]
            },
            {
              "name": "dyes",
              "type": "thermocycleDyes",
              "optional": true,
              "value": [
                {
                  "color": "purple"
                },
                {
                  "color": "blue"
                },
                {
                  "color": "green"
                },
                {
                  "color": "yellow"
                },
                {
                  "color": "red"
                }
              ]
            },
            {
              "name": "melting",
              "type": "thermocycleMelting",
              "optional": true
            }
          ],
          "op_description": "Thermocycle a container, putting through several temperature cycles, e.g. to run a PCR"
        },
        {
          "operation": "unseal",
          "requirements": {},
          "transforms": [
            {
              "container": "object"
            }
          ],
          "fields": [
            {
              "name": "object",
              "type": "container",
              "value": {
                "container": "4aa1a1ca-2a9a-4f9a-bc42-3c6ea23b6034",
                "containerName": "ligation_plate"
              }
            }
          ],
          "op_description": "Unseal a container"
        }
      ]
    }
  ]
}