{
  "metadata": {
    "id": "c6c9d5b3-b824-4725-8ab4-18fc282862b4",
    "date": "1433454890853",
    "type": "protocol",
    "author": {
      "id": "31"
    },
    "tags": [],
    "db": {},
    "name": "PhiX174_Step7_Plating_and_Growth",
    "description": "A plating of the PhiX174 serial dilutions will be carried out in junction with a liquid culture growth with PhiX174",
    "version": "1.0.0"
  },
  "parameters": [
    {
      "type": "container",
      "value": {
        "color": "#f28500",
        "isNew": true,
        "type": "96-flat",
        "storage": "cold_20"
      },
      "name": "dilution_plate_source",
      "id": "dcf83560-d6d9-4468-b191-33db33f432d5"
    },
    {
      "type": "container",
      "value": {
        "color": "#00FFFF",
        "isNew": true,
        "type": "6-flat",
        "storage": "cold_4"
      },
      "name": "agar_Tdna_plate",
      "id": "6a2e7cc4-3182-4291-a096-1672b117a6f7"
    },
    {
      "type": "container",
      "value": {
        "color": "#addfad",
        "isNew": true,
        "type": "6-flat",
        "storage": "cold_4"
      },
      "name": "agar_Tdna_control_plate",
      "id": "33184087-ddd2-4cd2-a492-51e7f52cd8ae"
    },
    {
      "type": "container",
      "value": {
        "color": "#EC0704",
        "isNew": true,
        "type": "6-flat",
        "storage": "cold_4"
      },
      "name": "agar_virion_control_plate",
      "id": "bef7a167-1394-4031-8426-f5002bde12c6"
    },
    {
      "type": "container",
      "value": {
        "color": "#FFA6C9",
        "isNew": true,
        "type": "6-flat",
        "storage": "cold_4"
      },
      "name": "agar_control_plate",
      "id": "341beac4-1fd0-46ed-a636-1f635ad11f62"
    },
    {
      "type": "volume",
      "name": "dilution_to_agar_vol",
      "value": {
        "unit": "microliter",
        "value": 200
      },
      "id": "7511e5d7-2b8a-4667-8db3-7f058ee07609"
    },
    {
      "type": "length",
      "name": "growth_wavelength",
      "value": {
        "unit": "nanometer",
        "value": 600
      },
      "id": "9bac4986-0be8-4345-8ac2-80756056fd43"
    }
  ],
  "groups": [
    {
      "name": "agar plates setup",
      "inputs": {},
      "metadata": {
        "description": ""
      },
      "loop": 1,
      "steps": [
        {
          "operation": "transfer",
          "requirements": {},
          "transforms": [
            {
              "wells": "to"
            },
            {
              "wells": "from"
            }
          ],
          "fields": [
            {
              "name": "volume",
              "type": "volume",
              "parameter": "7511e5d7-2b8a-4667-8db3-7f058ee07609",
              "value": {
                "unit": "microliter",
                "value": 200
              }
            },
            {
              "name": "from",
              "type": "aliquot++",
              "value": {
                "container": "dcf83560-d6d9-4468-b191-33db33f432d5",
                "containerName": "dilution_plate_source",
                "wells": [
                  "A5",
                  "B5",
                  "C5",
                  "D5",
                  "E5",
                  "F5"
                ]
              },
              "transpose": 0
            },
            {
              "name": "to",
              "type": "aliquot++",
              "value": {
                "container": "6a2e7cc4-3182-4291-a096-1672b117a6f7",
                "containerName": "agar_Tdna_plate",
                "wells": [
                  "A1",
                  "A2",
                  "A3",
                  "B1",
                  "B2",
                  "B3"
                ]
              },
              "transpose": 0
            },
            {
              "name": "dispense_speed",
              "type": "speed",
              "optional": true,
              "default": {
                "value": 100,
                "unit": "microliter/second"
              }
            },
            {
              "name": "aspirate_speed",
              "type": "speed",
              "optional": true,
              "default": {
                "value": 100,
                "unit": "microliter/second"
              }
            },
            {
              "name": "mix_before",
              "type": "mixwrap",
              "optional": true,
              "default": {
                "volume": {
                  "value": 10,
                  "unit": "microliter"
                },
                "repetitions": 5,
                "speed": {
                  "value": 100,
                  "unit": "microliter/second"
                }
              }
            },
            {
              "name": "mix_after",
              "type": "mixwrap",
              "optional": true,
              "default": {
                "volume": {
                  "value": 10,
                  "unit": "microliter"
                },
                "repetitions": 5,
                "speed": {
                  "value": 100,
                  "unit": "microliter/second"
                }
              }
            },
            {
              "name": "one_tip",
              "type": "boolean",
              "optional": true,
              "default": false
            }
          ],
          "op_description": "Transfer contents from one container to another, either 1-to-n or n-to-n"
        },
        {
          "operation": "transfer",
          "requirements": {},
          "transforms": [
            {
              "wells": "to"
            },
            {
              "wells": "from"
            }
          ],
          "fields": [
            {
              "name": "volume",
              "type": "volume",
              "parameter": "7511e5d7-2b8a-4667-8db3-7f058ee07609",
              "value": {
                "unit": "microliter",
                "value": 200
              }
            },
            {
              "name": "from",
              "type": "aliquot++",
              "value": {
                "container": "dcf83560-d6d9-4468-b191-33db33f432d5",
                "containerName": "dilution_plate_source",
                "wells": [
                  "A6",
                  "B6",
                  "C6",
                  "D6",
                  "E6",
                  "F6"
                ]
              },
              "transpose": 0
            },
            {
              "name": "to",
              "type": "aliquot++",
              "value": {
                "container": "33184087-ddd2-4cd2-a492-51e7f52cd8ae",
                "containerName": "agar_Tdna_control_plate",
                "wells": [
                  "A1",
                  "A2",
                  "A3",
                  "B1",
                  "B2",
                  "B3"
                ]
              },
              "transpose": 0
            },
            {
              "name": "dispense_speed",
              "type": "speed",
              "optional": true,
              "default": {
                "value": 100,
                "unit": "microliter/second"
              }
            },
            {
              "name": "aspirate_speed",
              "type": "speed",
              "optional": true,
              "default": {
                "value": 100,
                "unit": "microliter/second"
              }
            },
            {
              "name": "mix_before",
              "type": "mixwrap",
              "optional": true,
              "default": {
                "volume": {
                  "value": 10,
                  "unit": "microliter"
                },
                "repetitions": 5,
                "speed": {
                  "value": 100,
                  "unit": "microliter/second"
                }
              }
            },
            {
              "name": "mix_after",
              "type": "mixwrap",
              "optional": true,
              "default": {
                "volume": {
                  "value": 10,
                  "unit": "microliter"
                },
                "repetitions": 5,
                "speed": {
                  "value": 100,
                  "unit": "microliter/second"
                }
              }
            },
            {
              "name": "one_tip",
              "type": "boolean",
              "optional": true,
              "default": false
            }
          ],
          "op_description": "Transfer contents from one container to another, either 1-to-n or n-to-n"
        },
        {
          "operation": "transfer",
          "requirements": {},
          "transforms": [
            {
              "wells": "to"
            },
            {
              "wells": "from"
            }
          ],
          "fields": [
            {
              "name": "volume",
              "type": "volume",
              "parameter": "7511e5d7-2b8a-4667-8db3-7f058ee07609",
              "value": {
                "unit": "microliter",
                "value": 200
              }
            },
            {
              "name": "from",
              "type": "aliquot++",
              "value": {
                "container": "dcf83560-d6d9-4468-b191-33db33f432d5",
                "containerName": "dilution_plate_source",
                "wells": [
                  "A7",
                  "B7",
                  "C7",
                  "D7",
                  "E7",
                  "F7"
                ]
              },
              "transpose": 0
            },
            {
              "name": "to",
              "type": "aliquot++",
              "value": {
                "container": "bef7a167-1394-4031-8426-f5002bde12c6",
                "containerName": "agar_virion_control_plate",
                "wells": [
                  "A1",
                  "A2",
                  "A3",
                  "B1",
                  "B2",
                  "B3"
                ]
              },
              "transpose": 0
            },
            {
              "name": "dispense_speed",
              "type": "speed",
              "optional": true,
              "default": {
                "value": 100,
                "unit": "microliter/second"
              }
            },
            {
              "name": "aspirate_speed",
              "type": "speed",
              "optional": true,
              "default": {
                "value": 100,
                "unit": "microliter/second"
              }
            },
            {
              "name": "mix_before",
              "type": "mixwrap",
              "optional": true,
              "default": {
                "volume": {
                  "value": 10,
                  "unit": "microliter"
                },
                "repetitions": 5,
                "speed": {
                  "value": 100,
                  "unit": "microliter/second"
                }
              }
            },
            {
              "name": "mix_after",
              "type": "mixwrap",
              "optional": true,
              "default": {
                "volume": {
                  "value": 10,
                  "unit": "microliter"
                },
                "repetitions": 5,
                "speed": {
                  "value": 100,
                  "unit": "microliter/second"
                }
              }
            },
            {
              "name": "one_tip",
              "type": "boolean",
              "optional": true,
              "default": false
            }
          ],
          "op_description": "Transfer contents from one container to another, either 1-to-n or n-to-n"
        },
        {
          "operation": "transfer",
          "requirements": {},
          "transforms": [
            {
              "wells": "to"
            },
            {
              "wells": "from"
            }
          ],
          "fields": [
            {
              "name": "volume",
              "type": "volume",
              "parameter": "7511e5d7-2b8a-4667-8db3-7f058ee07609",
              "value": {
                "unit": "microliter",
                "value": 200
              }
            },
            {
              "name": "from",
              "type": "aliquot++",
              "value": {
                "container": "dcf83560-d6d9-4468-b191-33db33f432d5",
                "containerName": "dilution_plate_source",
                "wells": [
                  "A8",
                  "B8",
                  "C8",
                  "D8",
                  "E8",
                  "F8"
                ]
              },
              "transpose": 0
            },
            {
              "name": "to",
              "type": "aliquot++",
              "value": {
                "container": "341beac4-1fd0-46ed-a636-1f635ad11f62",
                "containerName": "agar_control_plate",
                "wells": [
                  "A1",
                  "A2",
                  "A3",
                  "B1",
                  "B2",
                  "B3"
                ]
              },
              "transpose": 0
            },
            {
              "name": "dispense_speed",
              "type": "speed",
              "optional": true,
              "default": {
                "value": 100,
                "unit": "microliter/second"
              }
            },
            {
              "name": "aspirate_speed",
              "type": "speed",
              "optional": true,
              "default": {
                "value": 100,
                "unit": "microliter/second"
              }
            },
            {
              "name": "mix_before",
              "type": "mixwrap",
              "optional": true,
              "default": {
                "volume": {
                  "value": 10,
                  "unit": "microliter"
                },
                "repetitions": 5,
                "speed": {
                  "value": 100,
                  "unit": "microliter/second"
                }
              }
            },
            {
              "name": "mix_after",
              "type": "mixwrap",
              "optional": true,
              "default": {
                "volume": {
                  "value": 10,
                  "unit": "microliter"
                },
                "repetitions": 5,
                "speed": {
                  "value": 100,
                  "unit": "microliter/second"
                }
              }
            },
            {
              "name": "one_tip",
              "type": "boolean",
              "optional": true,
              "default": false
            }
          ],
          "op_description": "Transfer contents from one container to another, either 1-to-n or n-to-n"
        }
      ]
    },
    {
      "name": "dilution_plate liquid culture incubation",
      "inputs": {},
      "metadata": {
        "description": ""
      },
      "loop": 1,
      "steps": [
        {
          "operation": "absorbance",
          "requirements": {},
          "transformations": [
            {
              "wells": "wells"
            }
          ],
          "fields": [
            {
              "name": "dataref",
              "type": "string",
              "default": "absorbance_${unfolded}"
            },
            {
              "name": "wells",
              "type": "aliquot+",
              "value": {
                "container": "dcf83560-d6d9-4468-b191-33db33f432d5",
                "containerName": "dilution_plate_source",
                "wells": [
                  "A1",
                  "A2",
                  "A3",
                  "A4",
                  "B1",
                  "B2",
                  "B3",
                  "B4",
                  "C1",
                  "C2",
                  "C3",
                  "C4",
                  "D1",
                  "D2",
                  "D3",
                  "D4",
                  "E1",
                  "E2",
                  "E3",
                  "E4",
                  "F1",
                  "F2",
                  "F3",
                  "F4"
                ]
              },
              "transpose": 0
            },
            {
              "name": "wavelength",
              "type": "length",
              "default": {
                "value": 600,
                "unit": "nanometer"
              },
              "restrictions": {
                "value": {
                  "min": 300,
                  "max": 1000
                }
              },
              "parameter": "9bac4986-0be8-4345-8ac2-80756056fd43",
              "value": {
                "unit": "nanometer",
                "value": 600
              }
            },
            {
              "name": "num_flashes",
              "readable": "number flashes",
              "type": "integer",
              "optional": true,
              "default": 25
            }
          ],
          "op_description": "Measure absorbance of a specified wavelength (between 300 nm - 1000 nm)"
        },
        {
          "operation": "cover",
          "requirements": {},
          "transforms": [
            {
              "container": "object"
            }
          ],
          "fields": [
            {
              "name": "object",
              "type": "container",
              "value": {
                "container": "dcf83560-d6d9-4468-b191-33db33f432d5",
                "containerName": "dilution_plate_source"
              }
            },
            {
              "name": "lid",
              "type": "option",
              "options": [
                "standard",
                "universal",
                "low_evaporation"
              ],
              "default": "standard",
              "value": "universal"
            }
          ],
          "op_description": "Cover a plate with a specified lid"
        },
        {
          "operation": "incubate",
          "requirements": {},
          "transforms": [
            {
              "container": "object"
            }
          ],
          "fields": [
            {
              "name": "object",
              "type": "container",
              "value": {
                "container": "dcf83560-d6d9-4468-b191-33db33f432d5",
                "containerName": "dilution_plate_source"
              }
            },
            {
              "name": "where",
              "type": "option",
              "options": [
                "ambient",
                "warm_37",
                "cold_4",
                "cold_20",
                "cold_80"
              ],
              "default": "ambient",
              "value": "warm_37"
            },
            {
              "name": "duration",
              "type": "duration",
              "default": {
                "value": 60,
                "unit": "minute"
              }
            },
            {
              "name": "co2",
              "type": "integer",
              "default": 0,
              "optional": true,
              "restrictions": {
                "value": {
                  "min": 0,
                  "max": 100
                }
              }
            },
            {
              "name": "shaking",
              "type": "boolean",
              "default": false,
              "value": true
            }
          ],
          "op_description": "keep (cells, bacteria, etc.) at a suitable temperature so that they develop"
        },
        {
          "operation": "uncover",
          "requirements": {},
          "transforms": [
            {
              "container": "object"
            }
          ],
          "fields": [
            {
              "name": "object",
              "type": "container",
              "value": {
                "container": "dcf83560-d6d9-4468-b191-33db33f432d5",
                "containerName": "dilution_plate_source"
              }
            }
          ],
          "op_description": "Uncover a container"
        }
      ]
    },
    {
      "name": "agar_Tdna_plate incubation",
      "inputs": {},
      "metadata": {
        "description": ""
      },
      "loop": 1,
      "steps": [
        {
          "operation": "image_plate",
          "requirements": {},
          "transforms": [
            {
              "container": "object"
            }
          ],
          "fields": [
            {
              "name": "dataref",
              "type": "string",
              "default": "imagePlate_${unfolded}"
            },
            {
              "name": "object",
              "type": "container",
              "value": {
                "container": "6a2e7cc4-3182-4291-a096-1672b117a6f7",
                "containerName": "agar_Tdna_plate"
              }
            },
            {
              "name": "mode",
              "type": "option",
              "options": [
                "top",
                "bottom"
              ],
              "default": "top"
            }
          ],
          "op_description": "Scan an image of a plate"
        },
        {
          "operation": "cover",
          "requirements": {},
          "transforms": [
            {
              "container": "object"
            }
          ],
          "fields": [
            {
              "name": "object",
              "type": "container",
              "value": {
                "container": "6a2e7cc4-3182-4291-a096-1672b117a6f7",
                "containerName": "agar_Tdna_plate"
              }
            },
            {
              "name": "lid",
              "type": "option",
              "options": [
                "standard",
                "universal",
                "low_evaporation"
              ],
              "default": "standard",
              "value": "universal"
            }
          ],
          "op_description": "Cover a plate with a specified lid"
        },
        {
          "operation": "incubate",
          "requirements": {},
          "transforms": [
            {
              "container": "object"
            }
          ],
          "fields": [
            {
              "name": "object",
              "type": "container",
              "value": {
                "container": "6a2e7cc4-3182-4291-a096-1672b117a6f7",
                "containerName": "agar_Tdna_plate"
              }
            },
            {
              "name": "where",
              "type": "option",
              "options": [
                "ambient",
                "warm_37",
                "cold_4",
                "cold_20",
                "cold_80"
              ],
              "default": "ambient",
              "value": "warm_37"
            },
            {
              "name": "duration",
              "type": "duration",
              "default": {
                "value": 60,
                "unit": "minute"
              },
              "value": {
                "unit": "hour",
                "value": 18
              }
            },
            {
              "name": "co2",
              "type": "integer",
              "default": 0,
              "optional": true,
              "restrictions": {
                "value": {
                  "min": 0,
                  "max": 100
                }
              }
            },
            {
              "name": "shaking",
              "type": "boolean",
              "default": false
            }
          ],
          "op_description": "keep (cells, bacteria, etc.) at a suitable temperature so that they develop"
        },
        {
          "operation": "uncover",
          "requirements": {},
          "transforms": [
            {
              "container": "object"
            }
          ],
          "fields": [
            {
              "name": "object",
              "type": "container",
              "value": {
                "container": "6a2e7cc4-3182-4291-a096-1672b117a6f7",
                "containerName": "agar_Tdna_plate"
              }
            }
          ],
          "op_description": "Uncover a container"
        },
        {
          "operation": "image_plate",
          "requirements": {},
          "transforms": [
            {
              "container": "object"
            }
          ],
          "fields": [
            {
              "name": "dataref",
              "type": "string",
              "default": "imagePlate_${unfolded}"
            },
            {
              "name": "object",
              "type": "container",
              "value": {
                "container": "6a2e7cc4-3182-4291-a096-1672b117a6f7",
                "containerName": "agar_Tdna_plate"
              }
            },
            {
              "name": "mode",
              "type": "option",
              "options": [
                "top",
                "bottom"
              ],
              "default": "top"
            }
          ],
          "op_description": "Scan an image of a plate"
        }
      ]
    },
    {
      "name": "agar_Tdna_control_plate incubation",
      "inputs": {},
      "metadata": {
        "description": ""
      },
      "loop": 1,
      "steps": [
        {
          "operation": "image_plate",
          "requirements": {},
          "transforms": [
            {
              "container": "object"
            }
          ],
          "fields": [
            {
              "name": "dataref",
              "type": "string",
              "default": "imagePlate_${unfolded}"
            },
            {
              "name": "object",
              "type": "container",
              "value": {
                "container": "33184087-ddd2-4cd2-a492-51e7f52cd8ae",
                "containerName": "agar_Tdna_control_plate"
              }
            },
            {
              "name": "mode",
              "type": "option",
              "options": [
                "top",
                "bottom"
              ],
              "default": "top"
            }
          ],
          "op_description": "Scan an image of a plate"
        },
        {
          "operation": "cover",
          "requirements": {},
          "transforms": [
            {
              "container": "object"
            }
          ],
          "fields": [
            {
              "name": "object",
              "type": "container",
              "value": {
                "container": "33184087-ddd2-4cd2-a492-51e7f52cd8ae",
                "containerName": "agar_Tdna_control_plate"
              }
            },
            {
              "name": "lid",
              "type": "option",
              "options": [
                "standard",
                "universal",
                "low_evaporation"
              ],
              "default": "standard",
              "value": "universal"
            }
          ],
          "op_description": "Cover a plate with a specified lid"
        },
        {
          "operation": "incubate",
          "requirements": {},
          "transforms": [
            {
              "container": "object"
            }
          ],
          "fields": [
            {
              "name": "object",
              "type": "container",
              "value": {
                "container": "33184087-ddd2-4cd2-a492-51e7f52cd8ae",
                "containerName": "agar_Tdna_control_plate"
              }
            },
            {
              "name": "where",
              "type": "option",
              "options": [
                "ambient",
                "warm_37",
                "cold_4",
                "cold_20",
                "cold_80"
              ],
              "default": "ambient",
              "value": "warm_37"
            },
            {
              "name": "duration",
              "type": "duration",
              "default": {
                "value": 60,
                "unit": "minute"
              },
              "value": {
                "unit": "hour",
                "value": 18
              }
            },
            {
              "name": "co2",
              "type": "integer",
              "default": 0,
              "optional": true,
              "restrictions": {
                "value": {
                  "min": 0,
                  "max": 100
                }
              }
            },
            {
              "name": "shaking",
              "type": "boolean",
              "default": false
            }
          ],
          "op_description": "keep (cells, bacteria, etc.) at a suitable temperature so that they develop"
        },
        {
          "operation": "uncover",
          "requirements": {},
          "transforms": [
            {
              "container": "object"
            }
          ],
          "fields": [
            {
              "name": "object",
              "type": "container",
              "value": {
                "container": "33184087-ddd2-4cd2-a492-51e7f52cd8ae",
                "containerName": "agar_Tdna_control_plate"
              }
            }
          ],
          "op_description": "Uncover a container"
        },
        {
          "operation": "image_plate",
          "requirements": {},
          "transforms": [
            {
              "container": "object"
            }
          ],
          "fields": [
            {
              "name": "dataref",
              "type": "string",
              "default": "imagePlate_${unfolded}"
            },
            {
              "name": "object",
              "type": "container",
              "value": {
                "container": "33184087-ddd2-4cd2-a492-51e7f52cd8ae",
                "containerName": "agar_Tdna_control_plate"
              }
            },
            {
              "name": "mode",
              "type": "option",
              "options": [
                "top",
                "bottom"
              ],
              "default": "top"
            }
          ],
          "op_description": "Scan an image of a plate"
        }
      ]
    },
    {
      "name": "agar_virion_control_plate incubation",
      "inputs": {},
      "metadata": {
        "description": ""
      },
      "loop": 1,
      "steps": [
        {
          "operation": "image_plate",
          "requirements": {},
          "transforms": [
            {
              "container": "object"
            }
          ],
          "fields": [
            {
              "name": "dataref",
              "type": "string",
              "default": "imagePlate_${unfolded}"
            },
            {
              "name": "object",
              "type": "container",
              "value": {
                "container": "bef7a167-1394-4031-8426-f5002bde12c6",
                "containerName": "agar_virion_control_plate"
              }
            },
            {
              "name": "mode",
              "type": "option",
              "options": [
                "top",
                "bottom"
              ],
              "default": "top"
            }
          ],
          "op_description": "Scan an image of a plate"
        },
        {
          "operation": "cover",
          "requirements": {},
          "transforms": [
            {
              "container": "object"
            }
          ],
          "fields": [
            {
              "name": "object",
              "type": "container",
              "value": {
                "container": "bef7a167-1394-4031-8426-f5002bde12c6",
                "containerName": "agar_virion_control_plate"
              }
            },
            {
              "name": "lid",
              "type": "option",
              "options": [
                "standard",
                "universal",
                "low_evaporation"
              ],
              "default": "standard",
              "value": "universal"
            }
          ],
          "op_description": "Cover a plate with a specified lid"
        },
        {
          "operation": "incubate",
          "requirements": {},
          "transforms": [
            {
              "container": "object"
            }
          ],
          "fields": [
            {
              "name": "object",
              "type": "container",
              "value": {
                "container": "bef7a167-1394-4031-8426-f5002bde12c6",
                "containerName": "agar_virion_control_plate"
              }
            },
            {
              "name": "where",
              "type": "option",
              "options": [
                "ambient",
                "warm_37",
                "cold_4",
                "cold_20",
                "cold_80"
              ],
              "default": "ambient",
              "value": "warm_37"
            },
            {
              "name": "duration",
              "type": "duration",
              "default": {
                "value": 60,
                "unit": "minute"
              },
              "value": {
                "unit": "hour",
                "value": 18
              }
            },
            {
              "name": "co2",
              "type": "integer",
              "default": 0,
              "optional": true,
              "restrictions": {
                "value": {
                  "min": 0,
                  "max": 100
                }
              }
            },
            {
              "name": "shaking",
              "type": "boolean",
              "default": false
            }
          ],
          "op_description": "keep (cells, bacteria, etc.) at a suitable temperature so that they develop"
        },
        {
          "operation": "uncover",
          "requirements": {},
          "transforms": [
            {
              "container": "object"
            }
          ],
          "fields": [
            {
              "name": "object",
              "type": "container",
              "value": {
                "container": "bef7a167-1394-4031-8426-f5002bde12c6",
                "containerName": "agar_virion_control_plate"
              }
            }
          ],
          "op_description": "Uncover a container"
        },
        {
          "operation": "image_plate",
          "requirements": {},
          "transforms": [
            {
              "container": "object"
            }
          ],
          "fields": [
            {
              "name": "dataref",
              "type": "string",
              "default": "imagePlate_${unfolded}"
            },
            {
              "name": "object",
              "type": "container",
              "value": {
                "container": "bef7a167-1394-4031-8426-f5002bde12c6",
                "containerName": "agar_virion_control_plate"
              }
            },
            {
              "name": "mode",
              "type": "option",
              "options": [
                "top",
                "bottom"
              ],
              "default": "top"
            }
          ],
          "op_description": "Scan an image of a plate"
        }
      ]
    },
    {
      "name": "agar_virion_control_plate incubation",
      "inputs": {},
      "metadata": {
        "description": ""
      },
      "loop": 1,
      "steps": [
        {
          "operation": "image_plate",
          "requirements": {},
          "transforms": [
            {
              "container": "object"
            }
          ],
          "fields": [
            {
              "name": "dataref",
              "type": "string",
              "default": "imagePlate_${unfolded}"
            },
            {
              "name": "object",
              "type": "container",
              "value": {
                "container": "341beac4-1fd0-46ed-a636-1f635ad11f62",
                "containerName": "agar_control_plate"
              }
            },
            {
              "name": "mode",
              "type": "option",
              "options": [
                "top",
                "bottom"
              ],
              "default": "top"
            }
          ],
          "op_description": "Scan an image of a plate"
        },
        {
          "operation": "cover",
          "requirements": {},
          "transforms": [
            {
              "container": "object"
            }
          ],
          "fields": [
            {
              "name": "object",
              "type": "container",
              "value": {
                "container": "341beac4-1fd0-46ed-a636-1f635ad11f62",
                "containerName": "agar_control_plate"
              }
            },
            {
              "name": "lid",
              "type": "option",
              "options": [
                "standard",
                "universal",
                "low_evaporation"
              ],
              "default": "standard",
              "value": "universal"
            }
          ],
          "op_description": "Cover a plate with a specified lid"
        },
        {
          "operation": "incubate",
          "requirements": {},
          "transforms": [
            {
              "container": "object"
            }
          ],
          "fields": [
            {
              "name": "object",
              "type": "container",
              "value": {
                "container": "341beac4-1fd0-46ed-a636-1f635ad11f62",
                "containerName": "agar_control_plate"
              }
            },
            {
              "name": "where",
              "type": "option",
              "options": [
                "ambient",
                "warm_37",
                "cold_4",
                "cold_20",
                "cold_80"
              ],
              "default": "ambient",
              "value": "warm_37"
            },
            {
              "name": "duration",
              "type": "duration",
              "default": {
                "value": 60,
                "unit": "minute"
              },
              "value": {
                "unit": "hour",
                "value": 18
              }
            },
            {
              "name": "co2",
              "type": "integer",
              "default": 0,
              "optional": true,
              "restrictions": {
                "value": {
                  "min": 0,
                  "max": 100
                }
              }
            },
            {
              "name": "shaking",
              "type": "boolean",
              "default": false
            }
          ],
          "op_description": "keep (cells, bacteria, etc.) at a suitable temperature so that they develop"
        },
        {
          "operation": "uncover",
          "requirements": {},
          "transforms": [
            {
              "container": "object"
            }
          ],
          "fields": [
            {
              "name": "object",
              "type": "container",
              "value": {
                "container": "341beac4-1fd0-46ed-a636-1f635ad11f62",
                "containerName": "agar_control_plate"
              }
            }
          ],
          "op_description": "Uncover a container"
        },
        {
          "operation": "image_plate",
          "requirements": {},
          "transforms": [
            {
              "container": "object"
            }
          ],
          "fields": [
            {
              "name": "dataref",
              "type": "string",
              "default": "imagePlate_${unfolded}"
            },
            {
              "name": "object",
              "type": "container",
              "value": {
                "container": "341beac4-1fd0-46ed-a636-1f635ad11f62",
                "containerName": "agar_control_plate"
              }
            },
            {
              "name": "mode",
              "type": "option",
              "options": [
                "top",
                "bottom"
              ],
              "default": "top"
            }
          ],
          "op_description": "Scan an image of a plate"
        }
      ]
    }
  ]
}