{
  "metadata": {
    "id": "3c304075-f707-4ef1-bec5-075d5cc41f8a",
    "date": "1433441497198",
    "type": "protocol",
    "author": {},
    "tags": [],
    "db": {},
    "name": "PhiX174_Step3_Digest",
    "description": "A digest is carried out with Gen9 DNA."
  },
  "parameters": [
    {
      "type": "container",
      "value": {
        "color": "#addfad",
        "isNew": true,
        "type": "384-pcr",
        "storage": "cold_4"
      },
      "name": "digest_plate"
    },
    {
      "type": "container",
      "value": {
        "color": "#EC0704",
        "isNew": true,
        "type": "micro-1.5"
      },
      "name": "dna_source"
    },
    {
      "type": "container",
      "value": {
        "color": "#FFA6C9",
        "isNew": true,
        "type": "micro-1.5",
        "storage": "cold_4"
      },
      "name": "buffer_source"
    },
    {
      "type": "container",
      "value": {
        "color": "#00FF00",
        "isNew": true,
        "type": "micro-1.5",
        "storage": "cold_4"
      },
      "name": "restriction_enzyme_source"
    },
    {
      "type": "volume",
      "name": "dna_source_vol",
      "value": {
        "unit": "microliter",
        "value": 4.5
      }
    },
    {
      "type": "volume",
      "name": "buffer_source_vol",
      "value": {
        "unit": "microliter",
        "value": 1
      }
    },
    {
      "type": "volume",
      "name": "restriction_enzyme_source_vol",
      "value": {
        "unit": "microliter",
        "value": 1
      }
    },
    {
      "type": "volume",
      "name": "di_source_vol",
      "value": {
        "unit": "microliter",
        "value": 3.5
      }
    }
  ],
  "groups": [
    {
      "name": "digest_plate setup",
      "inputs": {},
      "metadata": {
        "description": ""
      },
      "loop": 1,
      "steps": [
        {
          "operation": "provision",
          "requirements": {},
          "transforms": [
            {
              "wells": "wells"
            }
          ],
          "fields": [
            {
              "name": "wells",
              "type": "aliquot+",
              "singleContainer": false,
              "value": [
                {
                  "container": "digest_plate",
                  "well": "A1"
                }
              ],
              "transpose": 0
            },
            {
              "name": "volume",
              "type": "volume",
              "default": {
                "value": 50,
                "unit": "microliter"
              },
              "parameter": "di_source_vol",
              "value": {
                "unit": "microliter",
                "value": 3.5
              }
            },
            {
              "name": "resource",
              "type": "resource",
              "value": {
                "id": "rs17gmh5wafm5p",
                "name": "Water",
                "organization_id": null,
                "commercial": true,
                "description": null,
                "kind": "Reagent",
                "properties": {},
                "design": {},
                "metadata": {},
                "kit_item": {
                  "kit": {
                    "id": "kit17knkyxgc722",
                    "name": "Quick qPCR"
                  }
                }
              }
            }
          ],
          "op_description": "Dispense a Transcriptic catalog resource into specified wells"
        },
        {
          "operation": "transfer",
          "requirements": {},
          "transforms": [
            {
              "wells": "to"
            },
            {
              "wells": "from"
            }
          ],
          "fields": [
            {
              "name": "volume",
              "type": "volume",
              "parameter": "buffer_source_vol",
              "value": {
                "unit": "microliter",
                "value": 1
              }
            },
            {
              "name": "from",
              "type": "aliquot+",
              "singleContainer": false,
              "value": [
                {
                  "container": "buffer_source",
                  "well": "A1"
                }
              ],
              "transpose": 0
            },
            {
              "name": "to",
              "type": "aliquot+",
              "singleContainer": false,
              "value": [
                {
                  "container": "digest_plate",
                  "well": "A1"
                }
              ],
              "transpose": 0
            },
            {
              "name": "dispense_speed",
              "type": "flowrate",
              "optional": true,
              "default": {
                "value": 100,
                "unit": "microliter/second"
              }
            },
            {
              "name": "aspirate_speed",
              "type": "flowrate",
              "optional": true,
              "default": {
                "value": 100,
                "unit": "microliter/second"
              }
            },
            {
              "name": "mix_before",
              "type": "mixwrap",
              "optional": true,
              "default": {
                "volume": {
                  "value": 10,
                  "unit": "microliter"
                },
                "repetitions": 5,
                "speed": {
                  "value": 100,
                  "unit": "microliter/second"
                }
              }
            },
            {
              "name": "mix_after",
              "type": "mixwrap",
              "optional": true,
              "default": {
                "volume": {
                  "value": 10,
                  "unit": "microliter"
                },
                "repetitions": 5,
                "speed": {
                  "value": 100,
                  "unit": "microliter/second"
                }
              }
            },
            {
              "name": "one_tip",
              "type": "boolean",
              "optional": true,
              "default": false
            }
          ],
          "op_description": "Transfer contents from one container to another, either 1-to-n or n-to-n"
        },
        {
          "operation": "transfer",
          "requirements": {},
          "transforms": [
            {
              "wells": "to"
            },
            {
              "wells": "from"
            }
          ],
          "fields": [
            {
              "name": "volume",
              "type": "volume",
              "parameter": "restriction_enzyme_source_vol",
              "value": {
                "unit": "microliter",
                "value": 1
              }
            },
            {
              "name": "from",
              "type": "aliquot+",
              "singleContainer": false,
              "value": [
                {
                  "container": "restriction_enzyme_source",
                  "well": "A1"
                }
              ],
              "transpose": 0
            },
            {
              "name": "to",
              "type": "aliquot+",
              "singleContainer": false,
              "value": [
                {
                  "container": "digest_plate",
                  "well": "A1"
                }
              ],
              "transpose": 0
            },
            {
              "name": "dispense_speed",
              "type": "flowrate",
              "optional": true,
              "default": {
                "value": 100,
                "unit": "microliter/second"
              }
            },
            {
              "name": "aspirate_speed",
              "type": "flowrate",
              "optional": true,
              "default": {
                "value": 100,
                "unit": "microliter/second"
              }
            },
            {
              "name": "mix_before",
              "type": "mixwrap",
              "optional": true,
              "default": {
                "volume": {
                  "value": 10,
                  "unit": "microliter"
                },
                "repetitions": 5,
                "speed": {
                  "value": 100,
                  "unit": "microliter/second"
                }
              }
            },
            {
              "name": "mix_after",
              "type": "mixwrap",
              "optional": true,
              "default": {
                "volume": {
                  "value": 10,
                  "unit": "microliter"
                },
                "repetitions": 5,
                "speed": {
                  "value": 100,
                  "unit": "microliter/second"
                }
              }
            },
            {
              "name": "one_tip",
              "type": "boolean",
              "optional": true,
              "default": false
            }
          ],
          "op_description": "Transfer contents from one container to another, either 1-to-n or n-to-n"
        },
        {
          "operation": "transfer",
          "requirements": {},
          "transforms": [
            {
              "wells": "to"
            },
            {
              "wells": "from"
            }
          ],
          "fields": [
            {
              "name": "volume",
              "type": "volume",
              "parameter": "dna_source_vol",
              "value": {
                "unit": "microliter",
                "value": 4.5
              }
            },
            {
              "name": "from",
              "type": "aliquot+",
              "singleContainer": false,
              "value": [
                {
                  "container": "dna_source",
                  "well": "A1"
                }
              ],
              "transpose": 0
            },
            {
              "name": "to",
              "type": "aliquot+",
              "singleContainer": false,
              "value": [
                {
                  "container": "digest_plate",
                  "well": "A1"
                }
              ],
              "transpose": 0
            },
            {
              "name": "dispense_speed",
              "type": "flowrate",
              "optional": true,
              "default": {
                "value": 100,
                "unit": "microliter/second"
              }
            },
            {
              "name": "aspirate_speed",
              "type": "flowrate",
              "optional": true,
              "default": {
                "value": 100,
                "unit": "microliter/second"
              }
            },
            {
              "name": "mix_before",
              "type": "mixwrap",
              "optional": true,
              "default": {
                "volume": {
                  "value": 10,
                  "unit": "microliter"
                },
                "repetitions": 5,
                "speed": {
                  "value": 100,
                  "unit": "microliter/second"
                }
              }
            },
            {
              "name": "mix_after",
              "type": "mixwrap",
              "optional": true,
              "default": {
                "volume": {
                  "value": 10,
                  "unit": "microliter"
                },
                "repetitions": 5,
                "speed": {
                  "value": 100,
                  "unit": "microliter/second"
                }
              }
            },
            {
              "name": "one_tip",
              "type": "boolean",
              "optional": true,
              "default": false
            }
          ],
          "op_description": "Transfer contents from one container to another, either 1-to-n or n-to-n"
        },
        {
          "operation": "mix",
          "requirements": {},
          "transforms": [
            {
              "wells": "wells"
            }
          ],
          "fields": [
            {
              "name": "wells",
              "type": "aliquot+",
              "singleContainer": false,
              "value": [
                {
                  "container": "digest_plate",
                  "well": "A1"
                }
              ],
              "transpose": 0
            },
            {
              "name": "volume",
              "type": "volume",
              "optional": true,
              "default": {
                "value": 50,
                "unit": "microliter"
              },
              "value": {
                "unit": "microliter",
                "value": 2
              }
            },
            {
              "name": "speed",
              "type": "flowrate",
              "optional": true,
              "default": {
                "value": 100,
                "unit": "microliter/second"
              },
              "value": {
                "unit": "microliter/second",
                "value": 3
              }
            },
            {
              "name": "repetitions",
              "type": "integer",
              "optional": true,
              "default": 10,
              "value": 5
            }
          ],
          "op_description": "Mix specified well using a new pipette tip"
        }
      ]
    },
    {
      "name": "digest_plate run",
      "inputs": {},
      "metadata": {
        "description": ""
      },
      "loop": 1,
      "steps": [
        {
          "operation": "seal",
          "requirements": {},
          "transforms": [
            {
              "container": "object"
            }
          ],
          "fields": [
            {
              "name": "object",
              "type": "container",
              "value": "digest_plate"
            },
            {
              "name": "type",
              "type": "option",
              "default": "ultra-clear",
              "optional": true,
              "options": [
                "ultra-clear",
                "foil"
              ]
            }
          ],
          "op_description": "Seal a container"
        },
        {
          "operation": "thermocycle",
          "requirements": {},
          "transforms": [
            {
              "container": "container"
            }
          ],
          "fields": [
            {
              "name": "dataref",
              "type": "string",
              "optional": true,
              "default": "thermocycle_${unfolded}"
            },
            {
              "name": "object",
              "type": "container",
              "value": "digest_plate"
            },
            {
              "name": "volume",
              "type": "volume",
              "default": {
                "value": 10,
                "unit": "microliter"
              }
            },
            {
              "name": "groups",
              "type": "thermocycleGroups",
              "value": [
                {
                  "type": "thermocycleGroup",
                  "value": {
                    "cycles": 1,
                    "steps": [
                      {
                        "duration": {
                          "unit": "hour",
                          "value": 1
                        },
                        "temperature": {
                          "unit": "celsius",
                          "value": 37
                        }
                      },
                      {
                        "duration": {
                          "unit": "minute",
                          "value": 20
                        },
                        "temperature": {
                          "unit": "celsius",
                          "value": 80
                        }
                      },
                      {
                        "duration": {
                          "unit": "minute",
                          "value": 5
                        },
                        "temperature": {
                          "unit": "celsius",
                          "value": 16
                        }
                      }
                    ]
                  }
                }
              ]
            },
            {
              "name": "dyes",
              "type": "thermocycleDyes",
              "optional": true,
              "value": [
                {
                  "color": "purple"
                },
                {
                  "color": "blue"
                },
                {
                  "color": "green"
                },
                {
                  "color": "yellow"
                },
                {
                  "color": "red"
                }
              ]
            },
            {
              "name": "melting",
              "type": "thermocycleMelting",
              "optional": true
            }
          ],
          "op_description": "Thermocycle a container, putting through several temperature cycles, e.g. to run a PCR"
        },
        {
          "operation": "unseal",
          "requirements": {},
          "transforms": [
            {
              "container": "object"
            }
          ],
          "fields": [
            {
              "name": "object",
              "type": "container",
              "value": "digest_plate"
            }
          ],
          "op_description": "Unseal a container"
        }
      ]
    }
  ]
}