{
  "metadata": {
    "id": "bc42859c-0ab8-4db4-8244-3f9c89d2d21f",
    "date": "1433439138344",
    "type": "protocol",
    "author": {},
    "tags": [],
    "db": {},
    "name": "PhiX174_Step1_Growth1",
    "description": "The initial growth of E coli from a frozen source. This source is grown in sufficient quantity so it can be scaled in PhiX174_Step2_Growth2."
  },
  "parameters": [
    {
      "type": "container",
      "value": {
        "color": "#f28500",
        "isNew": true,
        "type": "96-flat",
        "storage": "cold_4"
      },
      "name": "growth_plate"
    },
    {
      "type": "container",
      "value": {
        "color": "#00FFFF",
        "isNew": true,
        "type": "micro-1.5",
        "storage": "cold_4"
      },
      "name": "ecoli_source"
    },
    {
      "type": "volume",
      "name": "lb_vol",
      "value": {
        "unit": "microliter",
        "value": 200
      }
    },
    {
      "type": "volume",
      "name": "ecoli_source_to_growth_plate1_vol",
      "value": {
        "unit": "microliter",
        "value": 1
      }
    },
    {
      "type": "length",
      "name": "growth_wavelength",
      "value": {
        "unit": "nanometer",
        "value": 600
      }
    }
  ],
  "groups": [
    {
      "name": "growth_plate setup",
      "inputs": {},
      "metadata": {
        "description": ""
      },
      "loop": 1,
      "steps": [
        {
          "operation": "provision",
          "requirements": {},
          "transforms": [
            {
              "wells": "wells"
            }
          ],
          "fields": [
            {
              "name": "wells",
              "type": "aliquot+",
              "singleContainer": false,
              "value": [
                {
                  "container": "growth_plate",
                  "well": "A1"
                },
                {
                  "container": "growth_plate",
                  "well": "B1"
                }
              ],
              "transpose": 0
            },
            {
              "name": "volume",
              "type": "volume",
              "default": {
                "value": 50,
                "unit": "microliter"
              },
              "parameter": "lb_vol",
              "value": {
                "unit": "microliter",
                "value": 200
              }
            },
            {
              "name": "resource",
              "type": "resource",
              "value": {
                "id": "rs17bafcbmyrmh",
                "name": "LB",
                "organization_id": null,
                "commercial": true,
                "description": null,
                "kind": "Reagent",
                "properties": {},
                "design": {},
                "metadata": {},
                "kit_item": {}
              }
            }
          ],
          "op_description": "Dispense a Transcriptic catalog resource into specified wells"
        },
        {
          "operation": "transfer",
          "requirements": {},
          "transforms": [
            {
              "wells": "to"
            },
            {
              "wells": "from"
            }
          ],
          "fields": [
            {
              "name": "volume",
              "type": "volume",
              "parameter": "ecoli_source_to_growth_plate1_vol",
              "value": {
                "unit": "microliter",
                "value": 1
              }
            },
            {
              "name": "from",
              "type": "aliquot+",
              "singleContainer": false,
              "value": [
                {
                  "container": "ecoli_source",
                  "well": "A1"
                }
              ],
              "transpose": 0
            },
            {
              "name": "to",
              "type": "aliquot+",
              "singleContainer": false,
              "value": [
                {
                  "container": "growth_plate",
                  "well": "A1"
                }
              ],
              "transpose": 0
            },
            {
              "name": "dispense_speed",
              "type": "flowrate",
              "optional": true,
              "default": {
                "value": 100,
                "unit": "microliter/second"
              }
            },
            {
              "name": "aspirate_speed",
              "type": "flowrate",
              "optional": true,
              "default": {
                "value": 100,
                "unit": "microliter/second"
              }
            },
            {
              "name": "mix_before",
              "type": "mixwrap",
              "optional": true,
              "default": {
                "volume": {
                  "value": 10,
                  "unit": "microliter"
                },
                "repetitions": 5,
                "speed": {
                  "value": 100,
                  "unit": "microliter/second"
                }
              }
            },
            {
              "name": "mix_after",
              "type": "mixwrap",
              "optional": true,
              "default": {
                "volume": {
                  "value": 10,
                  "unit": "microliter"
                },
                "repetitions": 5,
                "speed": {
                  "value": 100,
                  "unit": "microliter/second"
                }
              }
            },
            {
              "name": "one_tip",
              "type": "boolean",
              "optional": true,
              "default": false
            }
          ],
          "op_description": "Transfer contents from one container to another, either 1-to-n or n-to-n"
        }
      ]
    },
    {
      "name": "growth_plate incubation",
      "inputs": {},
      "metadata": {
        "description": ""
      },
      "loop": 18,
      "steps": [
        {
          "operation": "absorbance",
          "requirements": {},
          "transformations": [
            {
              "wells": "wells"
            }
          ],
          "fields": [
            {
              "name": "dataref",
              "type": "string",
              "default": "absorbance_${unfolded}"
            },
            {
              "name": "wells",
              "type": "aliquot+",
              "singleContainer": true,
              "value": [
                {
                  "container": "growth_plate",
                  "well": "A1"
                },
                {
                  "container": "growth_plate",
                  "well": "B1"
                }
              ],
              "transpose": 0
            },
            {
              "name": "wavelength",
              "type": "length",
              "default": {
                "value": 600,
                "unit": "nanometer"
              },
              "restrictions": {
                "value": {
                  "min": 300,
                  "max": 1000
                }
              },
              "parameter": "growth_wavelength",
              "value": {
                "unit": "nanometer",
                "value": 600
              }
            },
            {
              "name": "num_flashes",
              "readable": "number flashes",
              "type": "integer",
              "optional": true,
              "default": 25
            }
          ],
          "op_description": "Measure absorbance of a specified wavelength (between 300 nm - 1000 nm)"
        },
        {
          "operation": "cover",
          "requirements": {},
          "transforms": [
            {
              "container": "object"
            }
          ],
          "fields": [
            {
              "name": "object",
              "type": "container",
              "value": "growth_plate"
            },
            {
              "name": "lid",
              "type": "option",
              "options": [
                "standard",
                "universal",
                "low_evaporation"
              ],
              "default": "standard",
              "value": "universal"
            }
          ],
          "op_description": "Cover a plate with a specified lid"
        },
        {
          "operation": "incubate",
          "requirements": {},
          "transforms": [
            {
              "container": "object"
            }
          ],
          "fields": [
            {
              "name": "object",
              "type": "container",
              "value": "growth_plate"
            },
            {
              "name": "where",
              "type": "option",
              "options": [
                "ambient",
                "warm_37",
                "cold_4",
                "cold_20",
                "cold_80"
              ],
              "default": "ambient",
              "value": "warm_37"
            },
            {
              "name": "duration",
              "type": "duration",
              "default": {
                "value": 60,
                "unit": "minute"
              }
            },
            {
              "name": "co2",
              "type": "integer",
              "default": 0,
              "optional": true,
              "restrictions": {
                "value": {
                  "min": 0,
                  "max": 100
                }
              }
            },
            {
              "name": "shaking",
              "type": "boolean",
              "default": false,
              "value": true
            }
          ],
          "op_description": "keep (cells, bacteria, etc.) at a suitable temperature so that they develop"
        },
        {
          "operation": "uncover",
          "requirements": {},
          "transforms": [
            {
              "container": "object"
            }
          ],
          "fields": [
            {
              "name": "object",
              "type": "container",
              "value": "growth_plate"
            }
          ],
          "op_description": "Uncover a container"
        }
      ]
    }
  ]
}