{
  "metadata": {
    "name": "PhiX174_Step2_Growth2",
    "id": "72041c3e-f563-44d3-9255-8d7f1fe7be28",
    "type": "protocol",
    "author": {},
    "description": "",
    "tags": [],
    "db": {},
    "date": "1433441475457"
  },
  "parameters": [
    {
      "type": "container",
      "value": {
        "color": "#f28500",
        "isNew": true,
        "type": "96-flat",
        "storage": "cold_4",
        "value": {
          "isNew": true
        }
      },
      "name": "growth_plate1"
    },
    {
      "type": "container",
      "value": {
        "color": "#00FFFF",
        "isNew": true,
        "type": "96-flat",
        "storage": "cold_4"
      },
      "name": "growth_plate2"
    },
    {
      "type": "volume",
      "name": "lb_vol",
      "value": {
        "unit": "microliter",
        "value": 200
      }
    },
    {
      "type": "volume",
      "name": "growth_plate1_to_growth_plate2_vol",
      "value": {
        "unit": "microliter",
        "value": 1
      }
    },
    {
      "type": "length",
      "name": "growth_wavelength",
      "value": {
        "unit": "nanometer",
        "value": 600
      }
    },
    {
      "type": "columnVolumes",
      "readable": "Column Volumes",
      "value": [
        {
          "columns": [
            "0",
            "1",
            "2",
            "3",
            "4",
            "5",
            "6",
            "7",
            "8"
          ],
          "volume": {
            "value": 200,
            "unit": "microliter"
          },
          "color": "#FF0000"
        }
      ],
      "name": "lb_column_vol"
    }
  ],
  "groups": [
    {
      "name": "growth_plate2 setup",
      "inputs": {},
      "metadata": {
        "description": ""
      },
      "loop": 1,
      "steps": [
        {
          "operation": "dispense",
          "requirements": {},
          "transforms": [
            {
              "container": "container"
            }
          ],
          "fields": [
            {
              "name": "object",
              "type": "container",
              "value": "growth_plate2"
            },
            {
              "name": "reagent",
              "type": "option",
              "options": [
                "autoclaved-water",
                "water",
                "bleach-10p",
                "ethanol-70p",
                "lb-broth-100ug-ml-amp",
                "lb-broth-50ug-ml-kan",
                "lb-broth-30ug-ml-kan",
                "lb-broth-25ug-ml-cm",
                "lb-broth-100ug-ml-specto",
                "lb-broth-50ug-ml-kan-25ug-ml-cm",
                "lb-broth-15ug-ml-tet",
                "lb-broth-noAB",
                "sob",
                "soc",
                "tb-broth-100ug-ml-amp",
                "tb-broth-50ug-ml-kan",
                "pbs",
                "te-ph7.5",
                "orange145",
                "orange60"
              ],
              "default": "lb-broth-noAB"
            },
            {
              "name": "columns",
              "type": "columnVolumes",
              "singleContainer": true,
              "value": [
                {
                  "columns": [
                    "0",
                    "1",
                    "2",
                    "3",
                    "4",
                    "5",
                    "6",
                    "7",
                    "8"
                  ],
                  "volume": {
                    "value": 200,
                    "unit": "microliter"
                  },
                  "color": "#FF0000"
                }
              ],
              "parameter": "lb_column_vol"
            }
          ],
          "op_description": "Dispense a reagent into columns of a container"
        },
        {
          "operation": "distribute",
          "requirements": {},
          "transforms": [
            {
              "wells": "to"
            },
            {
              "wells": "from"
            }
          ],
          "fields": [
            {
              "name": "volume",
              "type": "volume",
              "parameter": "growth_plate1_to_growth_plate2_vol",
              "value": {
                "unit": "microliter",
                "value": 1
              }
            },
            {
              "name": "from",
              "type": "aliquot",
              "value": [
                {
                  "container": "growth_plate1",
                  "well": "A1"
                }
              ],
              "transpose": 0
            },
            {
              "name": "to",
              "type": "aliquot+",
              "singleContainer": false,
              "value": [
                {
                  "container": "growth_plate2",
                  "well": "A1"
                },
                {
                  "container": "growth_plate2",
                  "well": "A2"
                },
                {
                  "container": "growth_plate2",
                  "well": "A3"
                },
                {
                  "container": "growth_plate2",
                  "well": "A4"
                },
                {
                  "container": "growth_plate2",
                  "well": "A5"
                },
                {
                  "container": "growth_plate2",
                  "well": "A6"
                },
                {
                  "container": "growth_plate2",
                  "well": "A7"
                },
                {
                  "container": "growth_plate2",
                  "well": "A8"
                },
                {
                  "container": "growth_plate2",
                  "well": "B1"
                },
                {
                  "container": "growth_plate2",
                  "well": "B2"
                },
                {
                  "container": "growth_plate2",
                  "well": "B3"
                },
                {
                  "container": "growth_plate2",
                  "well": "B4"
                },
                {
                  "container": "growth_plate2",
                  "well": "B5"
                },
                {
                  "container": "growth_plate2",
                  "well": "B6"
                },
                {
                  "container": "growth_plate2",
                  "well": "B7"
                },
                {
                  "container": "growth_plate2",
                  "well": "B8"
                },
                {
                  "container": "growth_plate2",
                  "well": "C1"
                },
                {
                  "container": "growth_plate2",
                  "well": "C2"
                },
                {
                  "container": "growth_plate2",
                  "well": "C3"
                },
                {
                  "container": "growth_plate2",
                  "well": "C4"
                },
                {
                  "container": "growth_plate2",
                  "well": "C5"
                },
                {
                  "container": "growth_plate2",
                  "well": "C6"
                },
                {
                  "container": "growth_plate2",
                  "well": "C7"
                },
                {
                  "container": "growth_plate2",
                  "well": "C8"
                },
                {
                  "container": "growth_plate2",
                  "well": "D1"
                },
                {
                  "container": "growth_plate2",
                  "well": "D2"
                },
                {
                  "container": "growth_plate2",
                  "well": "D3"
                },
                {
                  "container": "growth_plate2",
                  "well": "D4"
                },
                {
                  "container": "growth_plate2",
                  "well": "D5"
                },
                {
                  "container": "growth_plate2",
                  "well": "D6"
                },
                {
                  "container": "growth_plate2",
                  "well": "D7"
                },
                {
                  "container": "growth_plate2",
                  "well": "D8"
                },
                {
                  "container": "growth_plate2",
                  "well": "E1"
                },
                {
                  "container": "growth_plate2",
                  "well": "E2"
                },
                {
                  "container": "growth_plate2",
                  "well": "E3"
                },
                {
                  "container": "growth_plate2",
                  "well": "E4"
                },
                {
                  "container": "growth_plate2",
                  "well": "E5"
                },
                {
                  "container": "growth_plate2",
                  "well": "E6"
                },
                {
                  "container": "growth_plate2",
                  "well": "E7"
                },
                {
                  "container": "growth_plate2",
                  "well": "E8"
                },
                {
                  "container": "growth_plate2",
                  "well": "F1"
                },
                {
                  "container": "growth_plate2",
                  "well": "F2"
                },
                {
                  "container": "growth_plate2",
                  "well": "F3"
                },
                {
                  "container": "growth_plate2",
                  "well": "F4"
                },
                {
                  "container": "growth_plate2",
                  "well": "F5"
                },
                {
                  "container": "growth_plate2",
                  "well": "F6"
                },
                {
                  "container": "growth_plate2",
                  "well": "F7"
                },
                {
                  "container": "growth_plate2",
                  "well": "F8"
                },
                {
                  "container": "growth_plate2",
                  "well": "G1"
                },
                {
                  "container": "growth_plate2",
                  "well": "G2"
                },
                {
                  "container": "growth_plate2",
                  "well": "G3"
                },
                {
                  "container": "growth_plate2",
                  "well": "G4"
                },
                {
                  "container": "growth_plate2",
                  "well": "G5"
                },
                {
                  "container": "growth_plate2",
                  "well": "G6"
                },
                {
                  "container": "growth_plate2",
                  "well": "G7"
                },
                {
                  "container": "growth_plate2",
                  "well": "G8"
                },
                {
                  "container": "growth_plate2",
                  "well": "H1"
                },
                {
                  "container": "growth_plate2",
                  "well": "H2"
                },
                {
                  "container": "growth_plate2",
                  "well": "H3"
                },
                {
                  "container": "growth_plate2",
                  "well": "H4"
                },
                {
                  "container": "growth_plate2",
                  "well": "H5"
                },
                {
                  "container": "growth_plate2",
                  "well": "H6"
                },
                {
                  "container": "growth_plate2",
                  "well": "H7"
                },
                {
                  "container": "growth_plate2",
                  "well": "H8"
                }
              ],
              "transpose": 0
            },
            {
              "name": "dispense_speed",
              "type": "flowrate",
              "optional": true,
              "default": {
                "value": 100,
                "unit": "microliter/second"
              }
            },
            {
              "name": "aspirate_speed",
              "type": "flowrate",
              "optional": true,
              "default": {
                "value": 100,
                "unit": "microliter/second"
              }
            },
            {
              "name": "mix_before",
              "type": "mixwrap",
              "optional": true,
              "default": {
                "volume": {
                  "value": 10,
                  "unit": "microliter"
                },
                "repetitions": 5,
                "speed": {
                  "value": 100,
                  "unit": "microliter/second"
                }
              }
            }
          ],
          "op_description": "Distribute liquid from source well(s) to destination wells(s), either 1-to-n, n-to-1, or n-to-n"
        }
      ]
    },
    {
      "name": "growth_plate2 incubation",
      "inputs": {},
      "metadata": {
        "description": ""
      },
      "loop": 18,
      "steps": [
        {
          "operation": "absorbance",
          "requirements": {},
          "transformations": [
            {
              "wells": "wells"
            }
          ],
          "fields": [
            {
              "name": "dataref",
              "type": "string",
              "default": "absorbance_${unfolded}"
            },
            {
              "name": "wells",
              "type": "aliquot+",
              "singleContainer": true,
              "value": [
                {
                  "container": "growth_plate2",
                  "well": "A1"
                },
                {
                  "container": "growth_plate2",
                  "well": "A2"
                },
                {
                  "container": "growth_plate2",
                  "well": "A3"
                },
                {
                  "container": "growth_plate2",
                  "well": "A4"
                },
                {
                  "container": "growth_plate2",
                  "well": "A5"
                },
                {
                  "container": "growth_plate2",
                  "well": "A6"
                },
                {
                  "container": "growth_plate2",
                  "well": "A7"
                },
                {
                  "container": "growth_plate2",
                  "well": "A8"
                },
                {
                  "container": "growth_plate2",
                  "well": "A9"
                },
                {
                  "container": "growth_plate2",
                  "well": "B1"
                },
                {
                  "container": "growth_plate2",
                  "well": "B2"
                },
                {
                  "container": "growth_plate2",
                  "well": "B3"
                },
                {
                  "container": "growth_plate2",
                  "well": "B4"
                },
                {
                  "container": "growth_plate2",
                  "well": "B5"
                },
                {
                  "container": "growth_plate2",
                  "well": "B6"
                },
                {
                  "container": "growth_plate2",
                  "well": "B7"
                },
                {
                  "container": "growth_plate2",
                  "well": "B8"
                },
                {
                  "container": "growth_plate2",
                  "well": "B9"
                },
                {
                  "container": "growth_plate2",
                  "well": "C1"
                },
                {
                  "container": "growth_plate2",
                  "well": "C2"
                },
                {
                  "container": "growth_plate2",
                  "well": "C3"
                },
                {
                  "container": "growth_plate2",
                  "well": "C4"
                },
                {
                  "container": "growth_plate2",
                  "well": "C5"
                },
                {
                  "container": "growth_plate2",
                  "well": "C6"
                },
                {
                  "container": "growth_plate2",
                  "well": "C7"
                },
                {
                  "container": "growth_plate2",
                  "well": "C8"
                },
                {
                  "container": "growth_plate2",
                  "well": "C9"
                },
                {
                  "container": "growth_plate2",
                  "well": "D1"
                },
                {
                  "container": "growth_plate2",
                  "well": "D2"
                },
                {
                  "container": "growth_plate2",
                  "well": "D3"
                },
                {
                  "container": "growth_plate2",
                  "well": "D4"
                },
                {
                  "container": "growth_plate2",
                  "well": "D5"
                },
                {
                  "container": "growth_plate2",
                  "well": "D6"
                },
                {
                  "container": "growth_plate2",
                  "well": "D7"
                },
                {
                  "container": "growth_plate2",
                  "well": "D8"
                },
                {
                  "container": "growth_plate2",
                  "well": "D9"
                },
                {
                  "container": "growth_plate2",
                  "well": "E1"
                },
                {
                  "container": "growth_plate2",
                  "well": "E2"
                },
                {
                  "container": "growth_plate2",
                  "well": "E3"
                },
                {
                  "container": "growth_plate2",
                  "well": "E4"
                },
                {
                  "container": "growth_plate2",
                  "well": "E5"
                },
                {
                  "container": "growth_plate2",
                  "well": "E6"
                },
                {
                  "container": "growth_plate2",
                  "well": "E7"
                },
                {
                  "container": "growth_plate2",
                  "well": "E8"
                },
                {
                  "container": "growth_plate2",
                  "well": "E9"
                },
                {
                  "container": "growth_plate2",
                  "well": "F1"
                },
                {
                  "container": "growth_plate2",
                  "well": "F2"
                },
                {
                  "container": "growth_plate2",
                  "well": "F3"
                },
                {
                  "container": "growth_plate2",
                  "well": "F4"
                },
                {
                  "container": "growth_plate2",
                  "well": "F5"
                },
                {
                  "container": "growth_plate2",
                  "well": "F6"
                },
                {
                  "container": "growth_plate2",
                  "well": "F7"
                },
                {
                  "container": "growth_plate2",
                  "well": "F8"
                },
                {
                  "container": "growth_plate2",
                  "well": "F9"
                },
                {
                  "container": "growth_plate2",
                  "well": "G1"
                },
                {
                  "container": "growth_plate2",
                  "well": "G2"
                },
                {
                  "container": "growth_plate2",
                  "well": "G3"
                },
                {
                  "container": "growth_plate2",
                  "well": "G4"
                },
                {
                  "container": "growth_plate2",
                  "well": "G5"
                },
                {
                  "container": "growth_plate2",
                  "well": "G6"
                },
                {
                  "container": "growth_plate2",
                  "well": "G7"
                },
                {
                  "container": "growth_plate2",
                  "well": "G8"
                },
                {
                  "container": "growth_plate2",
                  "well": "G9"
                },
                {
                  "container": "growth_plate2",
                  "well": "H1"
                },
                {
                  "container": "growth_plate2",
                  "well": "H2"
                },
                {
                  "container": "growth_plate2",
                  "well": "H3"
                },
                {
                  "container": "growth_plate2",
                  "well": "H4"
                },
                {
                  "container": "growth_plate2",
                  "well": "H5"
                },
                {
                  "container": "growth_plate2",
                  "well": "H6"
                },
                {
                  "container": "growth_plate2",
                  "well": "H7"
                },
                {
                  "container": "growth_plate2",
                  "well": "H8"
                },
                {
                  "container": "growth_plate2",
                  "well": "H9"
                }
              ],
              "transpose": 0
            },
            {
              "name": "wavelength",
              "type": "length",
              "default": {
                "value": 600,
                "unit": "nanometer"
              },
              "restrictions": {
                "value": {
                  "min": 300,
                  "max": 1000
                }
              },
              "parameter": "growth_wavelength",
              "value": {
                "unit": "nanometer",
                "value": 600
              }
            },
            {
              "name": "num_flashes",
              "readable": "number flashes",
              "type": "integer",
              "optional": true,
              "default": 25
            }
          ],
          "op_description": "Measure absorbance of a specified wavelength (between 300 nm - 1000 nm)"
        },
        {
          "operation": "cover",
          "requirements": {},
          "transforms": [
            {
              "container": "object"
            }
          ],
          "fields": [
            {
              "name": "object",
              "type": "container",
              "value": "growth_plate2"
            },
            {
              "name": "lid",
              "type": "option",
              "options": [
                "standard",
                "universal",
                "low_evaporation"
              ],
              "default": "standard",
              "value": "universal"
            }
          ],
          "op_description": "Cover a plate with a specified lid"
        },
        {
          "operation": "incubate",
          "requirements": {},
          "transforms": [
            {
              "container": "object"
            }
          ],
          "fields": [
            {
              "name": "object",
              "type": "container",
              "value": "growth_plate2"
            },
            {
              "name": "where",
              "type": "option",
              "options": [
                "ambient",
                "warm_37",
                "cold_4",
                "cold_20",
                "cold_80"
              ],
              "default": "ambient",
              "value": "warm_37"
            },
            {
              "name": "duration",
              "type": "duration",
              "default": {
                "value": 60,
                "unit": "minute"
              }
            },
            {
              "name": "co2",
              "type": "integer",
              "default": 0,
              "optional": true,
              "restrictions": {
                "value": {
                  "min": 0,
                  "max": 100
                }
              }
            },
            {
              "name": "shaking",
              "type": "boolean",
              "default": false,
              "value": true
            }
          ],
          "op_description": "keep (cells, bacteria, etc.) at a suitable temperature so that they develop"
        },
        {
          "operation": "uncover",
          "requirements": {},
          "transforms": [
            {
              "container": "object"
            }
          ],
          "fields": [
            {
              "name": "object",
              "type": "container",
              "value": "growth_plate2"
            }
          ],
          "op_description": "Uncover a container"
        }
      ]
    }
  ]
}