{
  "metadata": {
    "name": "PhiX174_Step2_Growth2",
    "id": "72041c3e-f563-44d3-9255-8d7f1fe7be28",
    "type": "protocol",
    "author": {
      "id": "31"
    },
    "description": "",
    "tags": [],
    "db": {},
    "date": "1433441475457",
    "version": "1.0.0"
  },
  "parameters": [
    {
      "type": "container",
      "value": {
        "color": "#f28500",
        "isNew": true,
        "type": "96-flat",
        "storage": "cold_4",
        "value": {
          "isNew": true
        }
      },
      "name": "growth_plate1",
      "id": "b6d25820-0ea6-487a-bb57-060aebfe03c0"
    },
    {
      "type": "container",
      "value": {
        "color": "#00FFFF",
        "isNew": true,
        "type": "96-flat",
        "storage": "cold_4"
      },
      "name": "growth_plate2",
      "id": "af1a20f1-e890-4f8d-a262-ca807c41da82"
    },
    {
      "type": "volume",
      "name": "lb_vol",
      "value": {
        "unit": "microliter",
        "value": 200
      },
      "id": "4dcafe53-f6fd-4042-aa7a-e05a7600efae"
    },
    {
      "type": "volume",
      "name": "growth_plate1_to_growth_plate2_vol",
      "value": {
        "unit": "microliter",
        "value": 1
      },
      "id": "2bbb119b-614b-4538-8f03-15c2042d5ed3"
    },
    {
      "type": "length",
      "name": "growth_wavelength",
      "value": {
        "unit": "nanometer",
        "value": 600
      },
      "id": "60964109-91e3-4efd-a908-7d2fa4907f55"
    },
    {
      "type": "columnVolumes",
      "readable": "Column Volumes",
      "value": [
        {
          "columns": [
            "0",
            "1",
            "2",
            "3",
            "4",
            "5",
            "6",
            "7",
            "8"
          ],
          "volume": {
            "value": 200,
            "unit": "microliter"
          },
          "color": "#FF0000"
        }
      ],
      "name": "lb_column_vol",
      "id": "b9bfd347-2cc6-46d7-b991-e177b84ed7ac"
    }
  ],
  "groups": [
    {
      "name": "growth_plate2 setup",
      "inputs": {},
      "metadata": {
        "description": ""
      },
      "loop": 1,
      "steps": [
        {
          "operation": "dispense",
          "requirements": {},
          "transforms": [
            {
              "container": "container"
            }
          ],
          "fields": [
            {
              "name": "object",
              "type": "container",
              "value": {
                "container": "af1a20f1-e890-4f8d-a262-ca807c41da82",
                "containerName": "growth_plate2"
              }
            },
            {
              "name": "reagent",
              "type": "option",
              "options": [
                "autoclaved-water",
                "water",
                "bleach-10p",
                "ethanol-70p",
                "lb-broth-100ug-ml-amp",
                "lb-broth-50ug-ml-kan",
                "lb-broth-30ug-ml-kan",
                "lb-broth-25ug-ml-cm",
                "lb-broth-100ug-ml-specto",
                "lb-broth-50ug-ml-kan-25ug-ml-cm",
                "lb-broth-15ug-ml-tet",
                "lb-broth-noAB",
                "sob",
                "soc",
                "tb-broth-100ug-ml-amp",
                "tb-broth-50ug-ml-kan",
                "pbs",
                "te-ph7.5",
                "orange145",
                "orange60"
              ],
              "default": "lb-broth-noAB"
            },
            {
              "name": "columns",
              "type": "columnVolumes",
              "singleContainer": true,
              "value": [
                {
                  "columns": [
                    "0",
                    "1",
                    "2",
                    "3",
                    "4",
                    "5",
                    "6",
                    "7",
                    "8"
                  ],
                  "volume": {
                    "value": 200,
                    "unit": "microliter"
                  },
                  "color": "#FF0000"
                }
              ],
              "parameter": "b9bfd347-2cc6-46d7-b991-e177b84ed7ac"
            }
          ],
          "op_description": "Dispense a reagent into columns of a container"
        },
        {
          "operation": "distribute",
          "requirements": {},
          "transforms": [
            {
              "wells": "to"
            },
            {
              "wells": "from"
            }
          ],
          "fields": [
            {
              "name": "volume",
              "type": "volume",
              "parameter": "2bbb119b-614b-4538-8f03-15c2042d5ed3",
              "value": {
                "unit": "microliter",
                "value": 1
              }
            },
            {
              "name": "from",
              "type": "aliquot",
              "value": {
                "container": "b6d25820-0ea6-487a-bb57-060aebfe03c0",
                "containerName": "growth_plate1",
                "wells": [
                  "A1"
                ]
              },
              "transpose": 0
            },
            {
              "name": "to",
              "type": "aliquot++",
              "value": {
                "container": "af1a20f1-e890-4f8d-a262-ca807c41da82",
                "containerName": "growth_plate2",
                "wells": [
                  "A1",
                  "A2",
                  "A3",
                  "A4",
                  "A5",
                  "A6",
                  "A7",
                  "A8",
                  "B1",
                  "B2",
                  "B3",
                  "B4",
                  "B5",
                  "B6",
                  "B7",
                  "B8",
                  "C1",
                  "C2",
                  "C3",
                  "C4",
                  "C5",
                  "C6",
                  "C7",
                  "C8",
                  "D1",
                  "D2",
                  "D3",
                  "D4",
                  "D5",
                  "D6",
                  "D7",
                  "D8",
                  "E1",
                  "E2",
                  "E3",
                  "E4",
                  "E5",
                  "E6",
                  "E7",
                  "E8",
                  "F1",
                  "F2",
                  "F3",
                  "F4",
                  "F5",
                  "F6",
                  "F7",
                  "F8",
                  "G1",
                  "G2",
                  "G3",
                  "G4",
                  "G5",
                  "G6",
                  "G7",
                  "G8",
                  "H1",
                  "H2",
                  "H3",
                  "H4",
                  "H5",
                  "H6",
                  "H7",
                  "H8"
                ]
              },
              "transpose": 0
            },
            {
              "name": "dispense_speed",
              "type": "speed",
              "optional": true,
              "default": {
                "value": 100,
                "unit": "microliter/second"
              }
            },
            {
              "name": "aspirate_speed",
              "type": "speed",
              "optional": true,
              "default": {
                "value": 100,
                "unit": "microliter/second"
              }
            },
            {
              "name": "mix_before",
              "type": "mixwrap",
              "optional": true,
              "default": {
                "volume": {
                  "value": 10,
                  "unit": "microliter"
                },
                "repetitions": 5,
                "speed": {
                  "value": 100,
                  "unit": "microliter/second"
                }
              }
            }
          ],
          "op_description": "Distribute liquid from source well(s) to destination wells(s), either 1-to-n, n-to-1, or n-to-n"
        }
      ]
    },
    {
      "name": "growth_plate2 incubation",
      "inputs": {},
      "metadata": {
        "description": ""
      },
      "loop": 18,
      "steps": [
        {
          "operation": "absorbance",
          "requirements": {},
          "transformations": [
            {
              "wells": "wells"
            }
          ],
          "fields": [
            {
              "name": "dataref",
              "type": "string",
              "default": "absorbance_${unfolded}"
            },
            {
              "name": "wells",
              "type": "aliquot+",
              "value": {
                "container": "af1a20f1-e890-4f8d-a262-ca807c41da82",
                "containerName": "growth_plate2",
                "wells": [
                  "A1",
                  "A2",
                  "A3",
                  "A4",
                  "A5",
                  "A6",
                  "A7",
                  "A8",
                  "A9",
                  "B1",
                  "B2",
                  "B3",
                  "B4",
                  "B5",
                  "B6",
                  "B7",
                  "B8",
                  "B9",
                  "C1",
                  "C2",
                  "C3",
                  "C4",
                  "C5",
                  "C6",
                  "C7",
                  "C8",
                  "C9",
                  "D1",
                  "D2",
                  "D3",
                  "D4",
                  "D5",
                  "D6",
                  "D7",
                  "D8",
                  "D9",
                  "E1",
                  "E2",
                  "E3",
                  "E4",
                  "E5",
                  "E6",
                  "E7",
                  "E8",
                  "E9",
                  "F1",
                  "F2",
                  "F3",
                  "F4",
                  "F5",
                  "F6",
                  "F7",
                  "F8",
                  "F9",
                  "G1",
                  "G2",
                  "G3",
                  "G4",
                  "G5",
                  "G6",
                  "G7",
                  "G8",
                  "G9",
                  "H1",
                  "H2",
                  "H3",
                  "H4",
                  "H5",
                  "H6",
                  "H7",
                  "H8",
                  "H9"
                ]
              },
              "transpose": 0
            },
            {
              "name": "wavelength",
              "type": "length",
              "default": {
                "value": 600,
                "unit": "nanometer"
              },
              "restrictions": {
                "value": {
                  "min": 300,
                  "max": 1000
                }
              },
              "parameter": "60964109-91e3-4efd-a908-7d2fa4907f55",
              "value": {
                "unit": "nanometer",
                "value": 600
              }
            },
            {
              "name": "num_flashes",
              "readable": "number flashes",
              "type": "integer",
              "optional": true,
              "default": 25
            }
          ],
          "op_description": "Measure absorbance of a specified wavelength (between 300 nm - 1000 nm)"
        },
        {
          "operation": "cover",
          "requirements": {},
          "transforms": [
            {
              "container": "object"
            }
          ],
          "fields": [
            {
              "name": "object",
              "type": "container",
              "value": {
                "container": "af1a20f1-e890-4f8d-a262-ca807c41da82",
                "containerName": "growth_plate2"
              }
            },
            {
              "name": "lid",
              "type": "option",
              "options": [
                "standard",
                "universal",
                "low_evaporation"
              ],
              "default": "standard",
              "value": "universal"
            }
          ],
          "op_description": "Cover a plate with a specified lid"
        },
        {
          "operation": "incubate",
          "requirements": {},
          "transforms": [
            {
              "container": "object"
            }
          ],
          "fields": [
            {
              "name": "object",
              "type": "container",
              "value": {
                "container": "af1a20f1-e890-4f8d-a262-ca807c41da82",
                "containerName": "growth_plate2"
              }
            },
            {
              "name": "where",
              "type": "option",
              "options": [
                "ambient",
                "warm_37",
                "cold_4",
                "cold_20",
                "cold_80"
              ],
              "default": "ambient",
              "value": "warm_37"
            },
            {
              "name": "duration",
              "type": "duration",
              "default": {
                "value": 60,
                "unit": "minute"
              }
            },
            {
              "name": "co2",
              "type": "integer",
              "default": 0,
              "optional": true,
              "restrictions": {
                "value": {
                  "min": 0,
                  "max": 100
                }
              }
            },
            {
              "name": "shaking",
              "type": "boolean",
              "default": false,
              "value": true
            }
          ],
          "op_description": "keep (cells, bacteria, etc.) at a suitable temperature so that they develop"
        },
        {
          "operation": "uncover",
          "requirements": {},
          "transforms": [
            {
              "container": "object"
            }
          ],
          "fields": [
            {
              "name": "object",
              "type": "container",
              "value": {
                "container": "af1a20f1-e890-4f8d-a262-ca807c41da82",
                "containerName": "growth_plate2"
              }
            }
          ],
          "op_description": "Uncover a container"
        }
      ]
    }
  ]
}